q,0,1,2,3,4,5,6,7,8,9,10,11,12,13,14,15,var_qi,i,Q,var_agg_i
0,36224774512.782646,35417889480.88367,34861529498.935104,34339025285.53329,33919159331.01006,33512228281.382206,33293674756.960598,33141534149.63231,33154262996.66212,33235143827.182865,33404588931.23166,33653513599.07859,34106988114.750618,34699163179.482544,35455460487.131516,36166874828.97558,0.00017953130986690525,0,10,0.00044275640531122744
1,36426789358.89024,35617736515.93899,34735412565.70849,34142037167.36504,33718840834.22337,33231670027.24013,33148183166.667282,32969159240.602352,32903275628.22558,33139683201.557545,33574965207.175083,34007585471.632545,34129161137.651337,34599835274.887985,35382836176.65993,36206128335.54068,0.0002088567879121676,0,10,0.00044275640531122744
2,36026850850.193375,34689509875.11927,34462959454.202934,33879784951.121487,33594889562.89056,33251522655.15981,32834809390.106297,32948175469.71755,33098241851.08805,33282224626.576263,33249028662.824654,34094882766.435356,34806119617.74574,35456164734.40696,36340243250.86777,37413955390.20383,0.00028941775642224655,0,10,0.00044275640531122744
3,36448436317.477776,35176318740.4639,35088134960.431885,34031794755.906414,33574224880.145744,33555133984.10058,33242702741.138012,32891128801.347103,33373381100.60245,33489203087.222874,32766393876.832016,33361456616.00305,34410101234.145935,34800574310.24848,35872554277.188,36287362551.66215,0.00022810760926538046,0,10,0.00044275640531122744
4,37298111639.865715,37290690690.17964,36593776808.02381,36055978113.14539,35171888557.93058,34291362189.529858,33623512663.27611,33921751934.934788,33487729926.34211,34176195372.419144,33071875078.800262,32671767993.94058,33542795229.80868,32729176430.57776,33999175515.167522,34576462031.75466,0.0003573631714884437,0,10,0.00044275640531122744
5,36067676277.41245,34289983721.105053,34362278413.64704,33787017286.87948,33994824252.923,35230503491.08523,34145006861.7428,33356149771.25044,33029698068.26367,33406389605.938168,33244841199.332027,32862521691.34991,32827362372.408115,33101879143.745274,33576528559.54699,33857366001.216568,0.00012313649939810719,0,10,0.00044275640531122744
6,32335304301.2657,31643329868.03216,31903311107.492737,33911378827.6943,32494099358.84606,32200491525.542446,31874535185.55557,31679186359.09666,31997625606.15984,33185450539.981438,35749763324.24474,36234440764.56401,36937220177.05618,37207034164.46966,39151114451.77764,39668196501.319626,0.0011955329520080117,0,10,0.00044275640531122744
7,29801201266.142815,30632764961.384476,28739499184.566383,27981404086.267178,29098631436.987743,29684159872.503593,30853547729.370945,32806284100.410862,33400267926.526855,35774631580.7947,38740665331.971634,41243546738.48741,40205641840.529076,37484381085.70879,36383267693.05661,35745321410.05761,0.003077731764103275,0,10,0.00044275640531122744
8,27045285025.6484,26459125652.99701,31059504184.12016,31059336079.87545,27371305495.025993,26843304836.48294,32938553848.38092,29685643711.147293,26896837139.166,27307542313.10542,26006529147.155033,28528186437.381927,25947463977.651745,23979226448.847504,27010748087.264275,32305669505.570705,0.0014786198897216267,0,10,0.00044275640531122744
9,81621350492.8097,51824549236.10716,42340825394.849045,46041795032.22563,49408163717.99022,39652634958.351906,30533665127.66143,30237704703.37254,28941536690.086094,27616543891.375328,33276998973.384575,35045502682.86605,40305310849.03264,32959794179.682465,35436643906.94518,37773657616.52525,0.014138387873711418,0,10,0.00044275640531122744
0,36205256234.05884,35388320143.89943,34730829269.81901,34243480519.333035,33734582255.76021,33426264265.364723,33259729717.81332,33134052278.640194,33134769852.212414,33173314218.207947,33410655843.98053,33780465883.93749,34216062096.12728,34857480883.178795,35534081937.74263,36287762461.39383,0.00018923786450834393,1,10,0.0001956679198468915
1,36653837804.98824,35883653274.98623,35056035791.87085,34769331153.95683,34220394367.246513,33638401295.400387,33278467060.77113,33072303576.069954,33025812391.76277,32905971092.79774,32963777524.906853,33397367031.873314,33726223952.32886,34351367647.849148,35165481748.226105,35934408046.119804,0.00022870547140095928,1,10,0.0001956679198468915
2,34930104918.25804,34671906724.66881,34166643820.56213,33689050092.77868,33155605362.00098,32947531918.718822,32762190567.72852,32895165494.709263,33493499373.070107,34018310681.980354,34169083573.294598,34620214424.833466,34533824348.74772,35174341105.282166,35609868218.40566,36673861587.66027,0.00018333104093127016,1,10,0.0001956679198468915
3,36930557748.86851,35844026386.93918,34957657122.34438,34054885539.598583,33803238189.6299,32882539466.813118,32303131546.843575,32697098509.53307,33100895665.688713,32912171201.02978,33612806513.98364,33797815253.792522,34305435576.597473,34494736592.768814,35199024230.23751,36072447374.10774,0.00028004186393026584,1,10,0.0001956679198468915
4,35617443313.57422,35372336040.63481,35395025907.4125,33112290854.586784,32291573942.47657,32392629614.622395,32361253363.390266,32430609096.298462,33107218282.871227,32725735567.745884,32983154613.155125,33645921746.29404,34943817349.147095,36110711564.80766,36953276119.87108,39450525238.04901,0.0006473624153754543,1,10,0.0001956679198468915
5,32898978613.02667,32696630716.27205,34414866607.891365,34486321927.48184,34425596367.61182,33695651077.39483,33163784607.73979,33713484507.295616,33455038928.125782,34858587255.24611,34951584030.16961,34856384217.226105,32604846972.434376,33176402092.339558,34483602408.286575,35140086174.13479,0.0001222816738583421,1,10,0.0001956679198468915
6,34070716690.168934,32806292519.21837,31698145683.13631,32208950432.026398,32222986259.08555,34313331253.074898,33305258586.148643,32296821432.80608,35360306551.99118,36896571816.60726,34825695567.896034,36083255691.76991,36707069105.641136,35635683547.149414,35486728542.17501,36449666592.360115,0.0005095001178933253,1,10,0.0001956679198468915
7,35783451987.769585,34824712688.03376,37070585294.828476,36687884124.601944,31519903524.638382,30959666649.420094,34975119881.050125,33171741511.948338,31721599348.78412,34228372406.010174,33379311805.580975,34005666598.60889,32963073310.6076,32892972680.018627,34326452287.328014,38942521567.96812,0.0007269227824496457,1,10,0.0001956679198468915
8,28467491791.10248,29812692631.28409,27004270490.04781,22747056741.111866,28516167073.48278,29553375549.32335,36317389779.67612,32901275562.45087,32130565229.536873,31749012194.019592,30525193129.396656,29129856212.200348,25020771124.26514,25098837665.745674,23868037723.97129,27820549849.133274,0.0029258933734714753,1,10,0.0001956679198468915
9,26746856230.85515,25829518210.311054,33647838349.473,31375985172.28128,31105363546.11798,35941074744.69732,41498308480.3772,40792121210.39334,53180268908.925575,47065158172.490204,40407747801.806946,38897552876.40981,44674050701.46944,44167076592.49716,40134217975.823746,48762121498.03592,0.008250829449449843,1,10,0.0001956679198468915
0,36134646724.64621,35389877283.1384,34707124572.60303,34230715926.26482,33812161211.365486,33445163955.085266,33280611892.60636,33122334502.679825,33170250306.075073,33179608929.43481,33371058474.38717,33694572201.402206,34091681093.399525,34716704446.45434,35481631383.95679,36343208872.08228,0.00018537004262987136,2,10,0.00014435510342009037
1,35726387778.65939,35130590076.08568,34338316675.36061,34049119489.705605,33600569618.461292,33147030410.646748,33260397873.04324,33034397218.892097,33030940684.97051,33454178103.785366,33770937555.47278,34027897903.096245,34298323793.626003,34845993216.42587,35502326907.02877,36075392778.848755,0.00015613694270730954,2,10,0.00014435510342009037
2,35825920036.41578,35033688749.846596,34673032835.47324,34089844836.914738,33591103219.83945,33030115274.634426,32721556636.742405,33153018736.87562,32734303572.435852,33065549643.35652,33645419385.035213,34136788382.132744,34647816521.11678,35284881715.142876,35645957628.93061,36236370730.96086,0.00021277784900551768,2,10,0.00014435510342009037
3,37674977887.4803,36422573822.35558,35070671280.008316,34820067801.12951,34431166648.836845,33928061009.30349,33877113843.569374,33420218732.184063,33299236014.930397,33878247612.374825,34015461895.07283,33164994866.602673,33243740089.027653,33298105895.49112,34199058787.442924,34643710959.522446,0.00022996757388254186,2,10,0.00014435510342009037
4,38651078000.517715,35888118020.30229,35067188365.992355,34364566434.86376,33005615190.990696,33017303048.44528,33225718622.131763,32801876417.621788,33308872285.421017,33922232882.360794,32644302493.138588,33188002428.301647,33619500248.415257,34270083964.815784,34820672904.703186,36024627293.66903,0.0003794312623190776,2,10,0.00014435510342009037
5,39008866380.276535,36814385923.11459,34828498503.24154,34516392892.291435,34305679930.25308,33133254433.463684,32580882210.119766,32743646564.41162,31549190038.031975,32779024156.042465,33593009591.056183,33542522202.47298,33546968220.79222,33585421135.48735,35569435318.270935,36022617021.158066,0.0005325693981422958,2,10,0.00014435510342009037
6,40499675169.54714,42822490770.87643,39262405717.20347,36048133335.82862,34015161495.76196,33294159601.41447,31903286452.85904,33417406160.864582,32802198172.24477,32484303872.683044,32611972073.943813,31603702784.911205,32368180613.716022,33428392904.485455,32798709955.833145,34844330154.63805,0.0015643222686236343,2,10,0.00014435510342009037
7,31654972596.302776,31917762010.180206,30487597802.17001,31757699536.320484,31775485841.286896,34505081647.85699,33711716904.38479,33535579533.064568,32469769453.401596,32090363350.221603,33223269149.521282,34903488582.58612,35860503540.70735,36468908629.188484,40702371801.34088,46382763794.25436,0.0021749788441278862,2,10,0.00014435510342009037
8,28115763625.36946,27124800053.301903,30157974183.78373,28309587915.651405,29112145451.989204,31444766317.54666,27653478511.869858,27764243381.442833,29340328285.16565,29821272078.839314,28920006125.167732,28085273279.976906,30921925100.735504,29046859450.274216,27705725147.49625,24062672416.562782,0.0007207600830249353,2,10,0.00014435510342009037
9,28820885732.15709,32579334975.551636,36568613397.24324,42412765859.746796,36590761462.95837,39016070107.70732,41559666714.40166,42752864275.3666,48246303062.018715,48434165521.80282,46534533504.100266,34448408764.31079,38102025724.539375,43629373822.12613,45464027916.25214,47304785625.51772,0.004345825100366227,2,10,0.00014435510342009037
0,36513229889.48339,35623441847.83725,34839286848.8133,34163942432.494976,33713807741.576607,33298414151.878223,33193692215.981144,33114888366.420364,33152786591.241627,33278327132.097336,33588072700.606625,33812819883.547592,34111883608.886723,34640145181.603806,35371924761.55671,36317128291.99424,0.00020293360687527836,3,10,0.0005887338417305478
1,36171486482.11399,35570916241.17296,34836625549.789154,34202444568.83148,33802529175.534332,33700944041.78405,33489601610.028027,33330377846.971985,33563258859.929558,33378624877.95611,33207141583.177433,33812035784.23374,33909849917.71447,34497028536.1938,35028636320.42844,35822526869.84818,0.00014143093714410053,3,10,0.0005887338417305478
2,36914606586.49569,35932570153.86472,35098608106.474945,34215031289.996742,34177006322.873722,34144141276.100784,33904029122.78397,33473192996.379494,33389824414.301945,33243351736.371536,33151305555.333668,33052258086.81206,33883316705.284214,34013553321.379726,34710592340.308586,35566602391.36825,0.00018570396896027642,3,10,0.0005887338417305478
3,36411208742.48332,36159464333.54627,35507685271.494194,34914340075.82182,33989238423.925667,33943777956.9056,33850367077.072514,33082672934.828045,32562602698.790024,32318831735.845127,32516852460.01379,33294125994.361225,33527892033.809868,33710838212.47051,34660965293.15309,36081110412.90351,0.00028457032911748147,3,10,0.0005887338417305478
4,38275632077.43612,37914776667.6772,37519122554.56687,35884697006.7987,34549767677.947716,33181866044.1775,32598592502.26675,32809785979.585243,32697557499.057316,32445903738.17521,32541094651.127106,32810017371.39374,32577761405.810257,33900249033.22512,34287161720.496956,36343940298.28175,0.0006803776538264895,3,10,0.0005887338417305478
5,36046212047.28272,34539072706.94418,34464747054.68241,34481191268.34444,33352926878.825626,30679363423.077034,31338361774.389534,31707276258.667965,31784132353.52038,32708906400.189323,33652950817.647377,35481844847.73158,34500483792.651566,35635123377.46597,35952048862.23842,36679614651.410965,0.0005731657698229033,3,10,0.0005887338417305478
6,35964416169.160706,35228036656.55123,33052577077.160873,34092839413.568913,33358332616.194496,34003713292.382473,32895340315.110947,32522445182.24411,32217237527.698437,34265709812.099422,33306197445.85704,33049260022.20123,34894549746.217094,35294450581.74339,34860754639.30245,37354729038.26959,0.00030411033496450585,3,10,0.0005887338417305478
7,30723506424.617584,28776057845.70408,31544911662.068245,30294236298.832886,30445958819.680927,30390370781.092953,33543381305.28046,31885332584.06699,34840784749.929924,35300504590.79046,36139038451.94713,39865887082.23206,41608372065.026596,39961784999.57826,39889934106.8358,40245723855.44119,0.002956655831454354,3,10,0.0005887338417305478
8,35009123502.626396,30761302613.58078,30086585882.723488,28551356244.976418,31074057682.167183,24635048606.939545,24256702334.490566,24349000946.09436,26700307564.537567,29840219676.814312,26834672563.617004,27557455043.622536,30932206052.09085,35274741107.837944,31794365637.037098,36412975487.14087,0.00314936107013775,3,10,0.0005887338417305478
9,59089103894.42306,58983149125.51807,47909338410.75426,43605990035.59146,50255038817.19231,38111053522.07655,47083089559.01801,34236908803.90439,32451348644.1277,34224731202.44093,32407172719.475864,29720070957.477882,35205835942.40665,36603668239.03876,45799420111.75302,48513025754.80627,0.008986756837123803,3,10,0.0005887338417305478
0,36298620526.32388,35389559846.73038,34610490488.745926,34186407683.56259,33789251144.616783,33435031877.244255,33191509631.43026,33133657989.321037,33147745679.451023,33279359155.13443,33541582894.927204,33867264092.65236,34275740543.008976,34772081038.89516,35579684090.994446,36568549233.86648,0.00019870831195151415,4,10,0.00043516722608427676
1,36558507174.73788,35661935609.32771,34739666363.022,34254410961.285645,33795891956.25299,33496456993.22695,33223975819.97202,33244719119.930042,33158434181.267815,33244930994.176846,33633431198.916298,33914194358.164433,34282638167.74744,34677602631.78073,35464449685.46053,36139330573.160416,0.00018997917468273259,4,10,0.00043516722608427676
2,36289336141.52087,35608587215.03515,34952677637.17257,34662240971.741066,34017738553.66762,33685573526.427464,32984910553.459225,33081800661.91837,33232075373.861954,32928267432.745422,33403161844.172657,34069614309.82051,34315068819.471786,34646337695.026306,35080880864.88351,35940505693.23302,0.0001820759995058773,4,10,0.00043516722608427676
3,37198283784.93275,35765395440.373184,35067312528.124596,34136542244.228382,33471671974.343098,33370532412.33303,32932087820.999596,33192787907.67564,33024575985.60881,33303686930.97021,33541168149.883255,34246997366.75329,33904438673.182407,34881493781.23546,35923114090.16199,36017331229.75535,0.00025954924461786457,4,10,0.00043516722608427676
4,35698914915.58316,34351082374.661903,34249871702.895546,34904888330.02276,35167276346.91038,34014638932.009884,33693309869.60125,33463757256.657314,33319057493.445103,33879988219.747498,33506509814.05874,33788615805.358524,33716291783.157696,33781306633.060978,35086669981.03059,35757826216.59662,0.0001012607266601745,4,10,0.00043516722608427676
5,39391534929.46811,36341705190.80926,36229501524.90034,34522387842.36362,33264734028.5399,32772280792.05586,32435969276.740036,31960049580.295773,32841687150.939686,32934531411.197315,33016109018.370644,33352851261.14197,33913629948.936398,34172180761.35231,33349818558.65094,35019000450.817085,0.0005398826039707141,4,10,0.00043516722608427676
6,36418673347.436264,34532724990.51823,35743946288.0237,35843581875.0823,34641303718.86796,34184881488.01591,32108514437.294876,32777400341.278957,33248934043.552998,33921479601.82951,32956264412.26174,33621388283.14476,34578611608.241295,35749033923.88756,37694366633.05792,35426330490.771095,0.0003483689335724067,4,10,0.00043516722608427676
7,37312498052.167274,32468873994.732903,34421046672.16359,33733984345.82823,33645829240.41235,36851200611.59867,33039408395.82323,32516320354.857887,36316551007.43519,32756053661.65323,34556309852.77842,37669244658.04315,36464490223.567764,36266984304.54868,32933359529.56929,31280618847.87156,0.0006416795427622966,4,10,0.00043516722608427676
8,22592526977.006863,24962345458.041924,25386340425.25656,29058441140.565598,28522789809.840904,24360735241.348713,28461067239.57698,26668583139.830833,24387835579.63337,25460536044.481632,27162869142.088432,36890303864.51245,34238654386.992622,29658196849.140587,28545397994.955578,30328975296.37035,0.0030970496286508607,4,10,0.00043516722608427676
9,71288928546.52759,61074033793.96363,47649137976.00452,41403969931.10654,41482397791.99097,35408536143.58348,39589450268.72557,27649155546.132675,37453977715.341225,40570714700.15353,32590458259.47852,27258137832.58663,32816571386.188896,31662586807.90628,36604740702.739426,38810106209.30042,0.012339048007931529,4,10,0.00043516722608427676
0,36307350732.40192,35415032170.930664,34680761291.80873,34165208511.49815,33790076557.516506,33572830082.56932,33312774210.67249,33179094430.70113,33155404290.756798,33261647855.117455,33460851671.845554,33694498465.45927,34142068203.00487,34650450497.10163,35325449885.06958,36117943151.04014,0.0001721223610101795,5,10,0.0003608815138379292
1,36265156683.64107,35573975530.92583,34725910535.00776,34003306755.69692,33696508687.278133,33504412023.097763,33364827082.996494,33254180406.614098,33165633044.596413,33235517620.67956,33211692125.2782,33564447180.3426,34112401510.467808,34557093965.09508,35343236886.59319,36072370088.658806,0.00017984823821098303,5,10,0.0003608815138379292
2,37333869583.93701,36346137530.64883,35356853387.282326,34638577473.75417,34106386299.78071,33617944049.08209,33329245379.14281,33252323230.54606,32983558231.474598,33058973438.875843,33282895396.39833,33482095433.220333,34091288478.09286,34965061552.94947,35749914609.31115,36575596132.75916,0.000301072666921148,5,10,0.0003608815138379292
3,35439537951.40981,34393532768.905685,33694986718.53568,32649857971.19196,32638110843.76062,32652780884.808,32669486524.83289,32806873815.28427,32851629626.58341,33266405839.32813,34107933274.376583,34232823907.015293,35571319987.26462,37288782305.58875,38268427245.45369,38215704131.16093,0.0006011509732560552,5,10,0.0003608815138379292
4,35053278798.56801,34534970266.19119,33118674673.549866,33096502033.491135,33574629351.756096,33364263908.42371,33144045803.517796,33085817607.16822,33443491893.686638,33438373206.29748,34083252159.483192,33666672554.278717,35024021940.248985,35546165242.42521,36284458705.30636,36716863400.04028,0.00022261405297532098,5,10,0.0003608815138379292
5,34542879565.941505,34835006754.81482,33994002107.60049,32314547674.974384,31781883947.814564,32021756613.45831,31910178274.09551,32966757423.578316,33127537758.807564,33317573269.071022,34218109434.12782,34869999165.183586,35436379580.88478,36409794942.098114,37388412369.90028,37849031002.163925,0.0005655442466348638,5,10,0.0003608815138379292
6,36755865389.147415,36312100346.578094,35731016860.61498,35077249112.29559,33351456983.38151,33550382788.815292,34800686800.765175,33374136289.058113,32348170821.872654,32926868086.0293,32279857473.187073,32832176205.779003,34364781552.6351,33799696217.50005,34967709841.87409,34618135805.90761,0.0002964405790343672,5,10,0.0003608815138379292
7,35106989244.53745,37671262151.013824,37402498853.41243,36547882497.08034,34293428751.427525,34571037795.93096,34422065750.47519,37724915623.21362,36542408837.85419,32506399204.057316,32406261389.669456,30071756838.509552,29883897000.701054,29730009863.519714,30763454688.26053,32262556545.3152,0.0013624353384956854,5,10,0.0003608815138379292
8,15152275544.88217,20147103250.356155,23125099547.95758,21926278590.61278,21022459999.99265,21249859969.637222,23859007239.237293,23601113806.48189,26063188731.425304,29895259811.21301,31530281597.838753,35957775953.40435,38239892079.88255,43592200178.40723,45745015464.169876,42780065242.09312,0.02000604524443704,5,10,0.0003608815138379292
9,42463097179.45664,41751736332.318665,41023379549.28406,40394761911.55699,40852620313.22484,38857551699.5103,34890672418.82208,34030664235.53198,36523743799.04043,35298677625.24768,37323260164.61712,38641134154.42674,37953701411.844,42057191514.99718,37355734768.40011,43906295464.830765,0.001096280041080515,5,10,0.0003608815138379292
0,36537764794.470825,35620834473.52115,34742530564.24156,34158516587.2067,33706068656.949074,33473393593.52496,33206472119.367245,33114673234.922962,33108104537.696728,33215534074.28863,33386505686.667465,33720464939.56324,34249031514.840267,34880807057.00138,35482437659.125275,36206856132.25782,0.00020682470016376785,6,10,0.0009206204113518732
1,35477892056.43556,34742157752.08101,33969095369.796684,33719612460.746174,33370587124.912746,32929506547.879974,32761612211.996204,33022327488.235477,33218917829.775448,33450795954.58501,33922521616.078545,34138525433.611443,34697508534.54586,35599242295.00754,36345685276.702896,37431685545.375496,0.0002759935559021572,6,10,0.0009206204113518732
2,34699067397.854546,34389582117.907295,33644056186.312702,33190321033.013725,32996843283.03628,33186561401.134342,33420099540.469284,33354279689.356197,33480057245.01901,33547649455.533348,33801629971.310913,34326984282.443287,34767181654.392265,35413724899.704666,36382834796.569916,37284374019.26361,0.00023252109614068224,6,10,0.0009206204113518732
3,35334918373.515396,34570544216.30594,34437235845.60266,34571357412.885994,34602081619.902176,34339065689.604248,33697222547.121376,33348497435.44208,33294773918.379944,32966096633.10555,33500293132.739388,33640025896.327297,33869185354.24862,34557166742.297035,35462623651.22292,35747687884.35619,0.00010790037934732935,6,10,0.0009206204113518732
4,39068406131.893486,37420411197.0718,37186152786.66587,35530633233.38836,34081050800.455997,33734490879.176228,34386489628.52052,32955494440.809944,33511540561.754536,33209408329.93242,32941349513.998596,32858578250.621384,32452801880.2787,33552828928.590725,33862124446.952488,34839945139.55189,0.0005409201743232171,6,10,0.0009206204113518732
5,37542795383.003975,38370032836.960785,38480183460.07438,35451235837.60658,34494281937.54464,34431316240.43385,34455951920.261925,34010106791.87315,32981790214.03487,30624676584.254005,31137967520.263477,32140263422.966442,33871503769.10174,33797631687.42733,34493859338.32364,35582142480.39313,0.0008136245615180984,6,10,0.0009206204113518732
6,36188597123.81619,39239414092.26743,39981674863.217735,38368305247.89482,35842254377.032074,35685930022.19831,33648225211.984386,33757187254.971336,33857323140.973644,35531055318.60271,34124969529.57882,32647671723.213085,31612710478.34257,31227255238.370407,32584847870.416317,31079418593.81264,0.00115111735414859,6,10,0.0009206204113518732
7,54325948404.10676,48516363129.96551,41648125533.479065,39178295015.87021,35739900911.520485,31877048817.44551,32018567599.072155,29631958770.92642,30219141636.765163,31580982103.584965,32348366288.901367,33466720250.3746,30892679542.04785,33958570069.41243,33622964590.634743,32970080963.144024,0.005647763607925236,6,10,0.0009206204113518732
8,36184265045.34456,33861194657.330948,27603750368.975502,28281767315.06517,30294647969.79154,28524849154.36448,26968364598.43004,25058533288.05664,30737350871.61579,30116479511.826847,28353379299.85097,24752259015.92677,25619929585.229748,25301458562.04657,24988627834.674484,25471403316.63908,0.0024110495091989553,6,10,0.0009206204113518732
9,56789057464.894135,55331196793.13161,54134761253.23269,43719227410.318855,39925226504.47835,39970467191.20608,36852387636.73329,35883158143.24428,40018587614.69997,38840847104.66747,35236645527.76838,29190680610.86965,25787195969.75103,29611571554.409725,36890606137.018814,39370217140.93593,0.009310482442094226,6,10,0.0009206204113518732
0,36306291629.43266,35445561675.39798,34775017358.01325,34163696083.237404,33782482844.006104,33499558761.17526,33218192172.23798,33143456547.590126,33087714305.820133,33319777703.35813,33540504493.114437,33828893896.475483,34243842051.42433,34739651488.483665,35452398578.60874,36318555500.4502,0.00018686443446585567,7,10,0.00040880201215345635
1,35853834821.448524,34993649658.64459,34519101594.54011,33972907896.398773,33519776314.796585,33227267398.480507,33298477742.640766,33329243158.144623,33225417681.646896,33277252679.266785,33479552661.217594,34055287094.623512,34253717162.836758,34793330481.52159,35427660158.84545,36507514006.26346,0.00016795962187496564,7,10,0.00040880201215345635
2,36209232540.173164,35210418061.042564,34417377535.426094,34431324406.27203,34018925244.669903,33426606466.585712,33054407077.97367,32901446510.016342,32373183725.002327,33012953998.947193,33350723445.38704,34010171952.87768,34608669622.96091,34974539116.10766,35482958999.01918,35774570038.15533,0.00020558641034834887,7,10,0.00040880201215345635
3,35543732651.27978,35113700996.71401,33907235434.015434,33429663445.34542,33338152666.1436,33455365335.548958,33485985121.447678,33237960470.538746,33592621378.059498,33145888004.18595,33986909914.254627,34635312991.54609,34123376121.535023,34429516893.18387,35165406768.02783,35954165965.03099,0.0001252250095884667,7,10,0.00040880201215345635
4,38335998159.64958,37482616077.24958,36731296050.339966,34969020393.54822,34403220098.78223,34670401567.2982,34041384781.43385,33416457583.735653,32749293332.34459,31979144230.16805,31196820046.632526,31372451363.843513,32126674857.972187,33874006069.775547,35562646380.07822,37021804928.633224,0.0007765029634178039,7,10,0.00040880201215345635
5,33018824853.341072,32971713970.821014,31516432612.44555,31117156846.155464,32252766432.63681,31414881767.402477,31412238251.531467,33585328994.52228,34110916437.160217,32955424376.367683,33614307016.787773,35417149685.14724,35457758025.074745,35432391560.21157,38810710534.56396,38540043742.55904,0.0008755938114205187,7,10,0.00040880201215345635
6,44112326947.503334,40240527840.62028,38840312369.27107,38185264559.36667,35236300299.309746,34014755812.61565,34621251837.06581,32479538028.007786,31564123905.762493,30461974370.885128,30290408741.68776,29604275034.773743,31094407863.66607,33581069315.613735,32657920174.73651,33363574093.936577,0.00239952608102511,7,10,0.00040880201215345635
7,37990379574.20644,39928029567.43332,35692715900.22532,39475515236.37252,39056590963.4718,37954993477.803185,36356154538.93637,35789430000.507286,31725191090.305233,33909356898.63807,33635333574.779606,31813096899.048164,29965523943.721664,28697397141.988396,28173513068.330692,29667719530.027027,0.002627097875997637,7,10,0.00040880201215345635
8,27079036071.768223,25509726600.026825,29793363661.055542,29682273802.90077,27829971868.0303,26349903200.251263,26461764423.673187,27342719472.628414,30399679864.71597,29414890785.79073,26830057571.438602,26171970161.694767,31130507369.06202,26798600757.993977,27119348401.591385,27538500048.700974,0.0006750441030910822,7,10,0.00040880201215345635
9,47781807552.876495,48545468250.12718,62471343274.747,53633102150.61464,48205237352.79905,44864886951.39147,50100448959.77463,44717997924.36853,43375489552.91857,41851657052.93353,35038157095.23664,35953468087.08839,37900020213.39134,30072588844.829704,29581350176.121178,21794505796.4208,0.013041498432386452,7,10,0.00040880201215345635
0,36571367349.79627,35617082429.46496,34838938172.16946,34259262734.659496,33697492670.837566,33475906933.01802,33242243885.722603,33067064564.73616,33043387827.953075,33083521361.697716,33364938756.221848,33674882787.616142,34145834920.265957,34859244869.29513,35597086381.461334,36433163676.047966,0.000227597890654276,8,10,0.00041554484977181217
1,36587337312.49855,35714177152.20977,34986079288.11948,34476682995.952034,34049670115.95871,33328020750.814693,32881505850.727253,32856232299.411716,32896229604.788486,32949686969.744225,33045304237.308525,33580626494.206436,34214716204.43004,34799677532.549385,35625490593.90986,36475119193.83799,0.0002682853140298922,8,10,0.00041554484977181217
2,35379531405.787895,35204552238.471886,34181220769.93345,33878286782.558735,33727303743.21232,33381486412.890415,33193554997.066643,32790148689.515354,32962382749.075813,33230959932.029194,33431453511.72281,34163730559.29949,34646020861.24396,35094571226.6298,36140196936.86617,36622859673.96583,0.00021091527090188236,8,10,0.00041554484977181217
3,36133366221.555405,35106026711.370346,34191546994.96725,34058557549.152954,33530555382.574013,33296943939.954956,33101093367.892776,32877034419.310036,32497660175.273045,32567166436.8593,33294697056.30372,34014677144.18062,34859029591.23997,34227285666.419807,35375425943.05934,36375324026.44292,0.00023007604400024866,8,10,0.00041554484977181217
4,36981211038.57085,35931158516.48799,34992449748.71427,35032203624.617744,34675712406.55439,34528264350.760025,34504620443.76272,34214189736.792175,34215225452.117306,33615800937.8562,32152177392.971733,31941871599.566513,32464109148.998684,33497201315.118427,34479119142.915955,34915114303.75308,0.00028181756673392196,8,10,0.00041554484977181217
5,36263015038.72451,34658949685.81986,33334530282.892704,32971595192.270134,33020841812.322456,32357846208.461674,32731587104.366558,33207271752.1126,32493967896.919853,33037010404.777023,31990795921.265144,32443978905.52062,33735009368.68129,35223705129.63945,35701595587.23011,37992698243.897446,0.0004441711722540213,8,10,0.00041554484977181217
6,37009442387.715996,33102398511.352467,33253039300.84889,33017857260.085285,31516264700.090347,32564121770.129387,33412424453.17485,32811029272.685616,33734699565.6012,32709159391.748634,33257180140.790382,33559364687.438732,35084879955.4316,37991385535.586494,40555307980.85896,42402791982.437744,0.0013641725293562447,8,10,0.00041554484977181217
7,42503459115.265045,38632898680.17981,38773376609.378,39918632688.087265,38247513886.22328,33928357416.04599,30744482956.17872,29452643186.704178,30030317038.855335,29883743078.436386,29875442680.42945,31850213052.956825,31680185746.854042,33799644502.78939,35522065165.43763,35974517236.93413,0.002721702282013336,8,10,0.00041554484977181217
8,24998307794.690228,22859361513.521713,22267992129.406925,23924593966.719246,23333094969.21883,22397479918.715973,24933261136.103302,25125580421.966316,28022094856.204346,26503427140.68946,27455451401.677406,29288448088.758488,32225652345.671093,38482336313.45414,39279211764.17668,41725287358.06072,0.008019592560025232,8,10,0.00041554484977181217
9,34705744369.47811,46913621413.07164,51010202151.31199,45989019949.87619,41702222986.283966,36825413078.86558,33664158657.257805,37474348545.77922,50375439317.71488,39101413507.62441,38753145176.20514,35253525504.37573,36034816829.67059,38090813702.190704,33896608637.37638,38158604461.34917,0.003494898897097213,8,10,0.00041554484977181217
0,36383004754.719055,35508729367.32048,34828574512.74635,34213948574.120106,33759973755.2803,33383363400.858093,33182269787.470722,33159999417.42654,33219588675.026028,33222789128.714375,33445938056.974197,33707148974.61566,34174235000.05887,34742309012.208466,35378513231.33011,36202796820.167694,0.0001906072663629535,9,10,0.0007043389900285679
1,35831273172.10897,35222377526.15945,34577603254.627716,34273014106.02706,33923140166.32968,33483468188.471733,33399627858.445522,33145642157.03366,33332184139.463013,33374545317.605465,33445226152.53778,33480270882.862164,33958911793.59995,34618366954.73954,35156305831.73331,36016187618.35197,0.00013909687761993043,9,10,0.0007043389900285679
2,37161073411.00434,36242732083.6105,35464004630.331985,34996928922.64136,34564543000.12514,33829441312.17802,33151823515.129528,33109908021.46778,32724207680.254154,32541797583.107426,33082899503.020695,33448210115.01863,33826672114.12696,34468117469.86963,34584055519.80299,35713073439.0406,0.0002823835313468412,9,10,0.0007043389900285679
3,35544385229.450806,34606807233.03998,34507380152.818474,34294814822.72599,33379837328.222054,32433939219.73936,32830986956.24311,32948635541.11214,32702943780.870373,33271060183.814342,33991746429.178825,33516269995.882484,34756472034.998924,35878293928.45911,36504504867.648506,37866022161.85112,0.00035787238835234596,9,10,0.0007043389900285679
4,34978162503.59758,34596129443.70627,33653995632.04678,33112370295.0156,32362315072.956703,33079803035.93365,32801521930.61659,32051108980.239147,32816297137.337555,33259155941.196156,33581434221.418026,33909146550.63648,34779161601.24739,35982169867.07041,37611231872.47455,38493753446.45333,0.0005130011100998054,9,10,0.0007043389900285679
5,35498148752.221596,34553478910.91018,33125074819.65169,33171094776.0345,31833645580.426834,31693737232.632828,31642581611.65612,31198095750.004086,31347475789.342094,31063892197.53643,32281388254.72895,35506508167.94289,36283495537.31473,36480784560.178635,38635216370.82181,40375910733.52613,0.0012519200719114585,9,10,0.0007043389900285679
6,34416942388.7304,31205367789.34805,31101128419.23774,32487593705.042587,32787193048.62478,33725932911.46605,32049851346.65531,33272738518.505814,33426132677.882957,34106229124.739853,35978476161.6971,34926331617.393074,36311297470.61574,36403420963.94326,36779725757.41803,36225782544.97828,0.0005816499957618962,9,10,0.0007043389900285679
7,35120823161.49097,35006893665.372246,33296907164.500828,30836076924.588673,30169294971.00194,31788803531.03573,29228094563.98273,29395316998.6534,30768319872.525375,32066992883.336452,33485774845.62853,34262584192.561596,34308997942.637238,41534779526.74137,45051434903.83785,46251322416.54883,0.0037969103152810167,9,10,0.0007043389900285679
8,29888123743.823063,34592520288.090546,31768694632.38204,28941707149.88938,30675944808.253433,28978108335.10607,24334420202.0727,24467687722.674446,22579966257.016907,22850615444.099617,25424911417.314976,26052046582.266037,25448809810.52314,24436632812.7523,28255405176.729897,30277384709.103092,0.0029796157419592116,9,10,0.0007043389900285679
9,22993031522.714638,24953190399.582115,34598053609.871826,32168866679.188194,32507845166.02124,34437753479.172554,38714433452.858215,43313619145.01326,42306254896.41968,41090583521.25006,41799630420.550995,42197408347.74185,54049100640.29579,53998949155.70056,50441293981.53639,57334490495.962906,0.013035746376458506,9,10,0.0007043389900285679
0,36180096938.88032,35300223292.369255,34665378615.20297,34143117039.658245,33805590527.905197,33425091735.07363,33182600046.221466,33086704560.36595,33060542776.983116,33247650832.443874,33445577766.075653,33892334364.170364,34400484759.17337,34921460004.720116,35549356493.1102,36278801908.107704,0.00018772463697383076,10,10,0.00026219497579048443
1,36252152862.333244,35473101584.977234,34984024492.56539,34578364419.77102,34018272778.114765,33504232703.086998,33196442767.19423,33120596629.52263,33181386222.315796,33331863242.48863,33415620289.196617,33430349508.11088,33885506883.34044,34687626242.70873,35738109440.550735,36571992544.47892,0.0002124332172547685,10,10,0.00026219497579048443
2,35891059977.49965,35207635298.88517,34294057499.524567,33816390611.610844,33123735988.469135,32988329993.39741,33081466851.04892,32660107751.80202,32863805218.35869,33567022715.666603,33963261733.348915,34439816655.67516,35134186183.275925,35520773327.96767,35956755340.15486,36490014161.98353,0.00024710351338688176,10,10,0.00026219497579048443
3,36501284508.99571,36040258339.202736,34416582302.27285,34383247107.88224,34310544845.625347,34093796116.915554,34016647325.574596,33794370749.707783,33404535266.585762,32357081442.129654,32683315417.41095,33355138178.734634,33412855569.40123,33839002227.256638,34430885727.807785,34799962573.13069,0.00018128082472817198,10,10,0.00026219497579048443
4,33514088580.828667,33356158213.726864,32550694191.6568,31991538027.956646,32139754042.310745,32847616979.557,33038871897.69516,33349937390.457756,33656915225.177177,34273286202.412243,34684718171.75534,35472439868.06225,35467716469.69315,37029992440.78196,37594997989.90737,38486331717.42062,0.0005969993286232853,10,10,0.00026219497579048443
5,34285154268.773678,32974989317.86847,32300468706.086166,32740340531.946133,32734206493.98914,32629490933.253597,30818250673.970074,31553883283.44023,32487163382.216713,32646980660.904575,33950137796.85019,34650839408.3231,35243094576.36318,36179658087.30625,36955550175.64885,36424595175.115906,0.0005317104627426351,10,10,0.00026219497579048443
6,32796457981.01796,31792524609.90089,33075568247.113903,33352994912.19331,33316163559.61767,34615401711.414,36477219842.41005,35417389522.58245,35346297247.68609,32883245072.816864,35200835573.05312,34942837062.458176,34483858214.224815,34835556229.2727,34848975078.33856,36623151586.72219,0.00030309287907950323,10,10,0.00026219497579048443
7,40050973431.40521,38496788949.52954,36103860723.86157,36228463954.89227,36904258298.07071,39241266710.93315,35855498759.50829,33466005011.64471,33528200222.41438,33297318064.83276,34382190048.38642,31731114034.080536,31121588618.816223,29066398218.78148,29018819477.510193,29889284502.766357,0.002008344256561192,10,10,0.00026219497579048443
8,29524209894.907425,27539494147.989765,26898123473.228462,29806677948.301674,27821674217.826553,26184543884.079422,26422773247.247704,27335037053.483795,32154729388.085346,29216822476.226246,27568514380.789017,24661853431.969566,21670774600.5743,28531373018.53792,25777740711.38298,26036120933.625935,0.0015065118035724467,10,10,0.00026219497579048443
9,36448484779.85057,32627489385.926144,34946995156.46338,30469213308.73945,33656118011.10048,43392733793.44103,37764699611.12534,35442465168.59085,33994144386.74239,35571344136.313995,38008068379.15958,48201320880.04136,49490450967.56831,49904638367.62901,50400073541.288216,67326137821.26456,0.008713520386244894,10,10,0.00026219497579048443
0,36332293756.97155,35509982298.287415,34797470664.88098,34170605874.295776,33705799277.290733,33417810044.04459,33234357784.42658,33149359447.313225,33096974313.923565,33240217106.612095,33509815575.895214,33803346868.37236,34171057730.393875,34654722529.913734,35423788216.65903,36302359937.84653,0.000191882102833747,11,10,0.0002569685846606796
1,36581765558.25635,35673230181.504486,35110098055.535286,34658381732.97125,34044687565.73349,33453711784.415592,33242503474.532623,33156752775.841663,32919531178.885178,32934826080.10843,33113506118.65534,33300063979.771782,34034497752.85939,34899870289.31303,35581064887.17128,36496369962.102165,0.0002535084811302462,11,10,0.0002569685846606796
2,36695090195.843636,35384965358.7117,34764355619.42262,34240178711.14554,33655523485.009964,33124221182.175205,33271551270.628456,33134428091.3662,32700936765.48993,33176655832.286346,33486088355.59562,33857354178.47599,34614791472.687225,35469776438.58961,36048981927.058044,36137464892.40814,0.0002505523029545866,11,10,0.0002569685846606796
3,36583884017.30505,35493860546.41079,34653263570.25639,34294956719.27718,33820809493.11073,33653067049.500652,33793272428.83582,33553016142.764763,33329820035.896793,33765939119.50072,33532638693.217484,33131919350.941696,33129746032.742176,33068228461.120384,34249594749.169464,35666563839.350105,0.00016306011540255817,11,10,0.0002569685846606796
4,35542180542.81461,34978662188.98779,35209691592.673164,34341324659.96193,33577037773.506947,33290252542.696564,33542213891.240734,33230390970.45799,33152752596.375694,33409383645.207886,33960264333.30696,34159579345.68218,34350329689.53167,35144064516.61275,35150700587.79544,36073345671.496445,0.00013686269669163607,11,10,0.0002569685846606796
5,36718504798.44772,36629715077.69172,35379020908.161766,35169415361.71767,35268070729.38059,34986168455.89333,33834629565.56851,32466169208.34426,32670097103.654842,32403970314.67372,32139437413.42159,31747642521.111443,31696644894.296497,33561260517.878197,31488626357.21284,32022282122.96816,0.0005344461654244804,11,10,0.0002569685846606796
6,33547168786.94323,32511637798.28137,32866241701.27015,32096321244.43029,33044496778.375866,32573504820.525917,32178912274.076454,33672198764.044277,34007737502.059254,33068799981.241947,34608527041.04893,35391732141.54153,36502042108.063354,37981826755.104965,38259687533.411896,38434838952.80725,0.0007500858746183424,11,10,0.0002569685846606796
7,32590036085.82511,34777565455.60517,36956505872.336815,40910591868.53021,39450103866.44797,33123525085.914707,30740252838.03678,30188982981.633507,33688022253.35263,32830473096.984516,34104806332.02271,33220358256.11189,34531550906.14206,31010686837.357975,34813890330.82548,33635996431.570026,0.0012797884961510424,11,10,0.0002569685846606796
8,32011037869.568176,30413715857.21599,26428203833.09858,24635895256.878117,24806005636.183582,25272214673.94775,24298082286.780975,26809194676.69916,30265174550.267326,23868567368.265675,29390653009.124306,32540238578.874905,28430251126.10932,27480538007.15597,27686464777.47508,27236030992.67283,0.0018086514921711316,11,10,0.0002569685846606796
9,20473716461.72272,19199595485.67759,24101371425.188583,29807790233.831665,35218894614.44187,44446975282.218414,40424205908.371635,44951030098.822174,37953917819.06762,49010198828.346344,54774980421.75702,49766609797.50841,56572232613.53206,60258053010.73149,58952334119.51445,43291120213.388885,0.02520468066833648,11,10,0.0002569685846606796
0,36371242761.708176,35545467922.63855,34833753080.48004,34288460009.90801,33806607962.831306,33541184370.985043,33198790306.656162,33142748138.84978,33028655862.3179,33106501915.029533,33320086758.671753,33612562005.766693,34184789228.917206,34802476144.02006,35502688345.87098,36435870168.2788,0.000212314333471776,12,10,0.00039690862457025783
1,35904661659.86003,35074171447.92023,34460678939.07671,34200865330.479935,33700075883.19599,33257674442.380573,33046817757.346973,33136527470.963783,33039167705.26408,33137279817.64078,33439984331.21866,33873668041.515903,34297068971.130295,35054042687.52816,36148833441.209595,37268512768.65645,0.0002511047427939115,12,10,0.00039690862457025783
2,37075970871.8295,36384958830.9783,35754175099.149345,34838640269.12996,34044778882.0892,33581747988.990818,33301289364.180023,32812104031.52332,33027655098.993526,32947557642.598938,33163782798.48593,32896953532.97763,33221133228.97228,34389650812.413574,34950442328.21699,36202378301.463425,0.0003149632260830785,12,10,0.00039690862457025783
3,36507618684.19128,35446395291.35276,34839854954.443245,34089331421.989037,33499503876.561737,33135148989.35557,32946556868.054764,33313826524.70262,33042047961.180035,33492454933.91496,33557749924.81698,33957340521.078613,34872749579.22121,35214697138.35522,35566143219.47846,36641920302.45363,0.00023400083601428115,12,10,0.00039690862457025783
4,39630665980.59822,38107388611.709526,35980162028.957245,35337136512.67913,34696968101.72485,34402954575.217834,34052742139.013596,33320881049.446552,33429047323.30552,33069895003.16011,33481279152.67262,33190604803.56382,33262796055.274456,33883669978.180477,35148297985.03281,36675592776.55513,0.0005349238299259953,12,10,0.00039690862457025783
5,34338850897.38363,33261039095.007584,33576058657.869404,33257766829.97107,31582367127.85545,32601159996.565266,33235058998.13742,32444366952.964535,33293671281.307682,33009161205.9188,32585420715.128536,34007620747.35699,33958765525.60836,34457303996.363594,34618102998.89465,36205806879.090126,0.00019313989775252005,12,10,0.00039690862457025783
6,36933069727.96862,35647659027.92988,34845357437.69887,35187069808.19506,32885054058.73225,33872167912.27668,33096139264.96849,34032490488.84031,32984948236.077255,31992254048.004826,32887720891.488327,33692633542.702698,35769146096.39977,34770514350.20313,34903261558.25394,36929186953.75148,0.0003423343512752705,12,10,0.00039690862457025783
7,30757828254.740257,31617338386.48857,32696474818.13188,32107960776.811398,32686195089.657684,33628569367.9758,33084598639.392067,34478121934.575745,34294440338.151566,34735149260.296196,35767656680.042534,37346597741.85531,34823096276.28976,35077797468.7614,34488745340.30059,33030498329.082413,0.0004573787993003064,12,10,0.00039690862457025783
8,31268736253.42373,29440834816.4337,27882082480.757156,27055042529.42022,24082196778.705864,22631321237.19828,21935955744.39281,22487157180.235836,24629103073.31794,26286416761.7517,25513837810.101124,30665832202.79292,31249811585.94996,29506668702.938137,32580567049.052933,34060891204.055786,0.003717669126007675,12,10,0.00039690862457025783
9,27253149515.001926,29059356928.199097,23532339553.57466,25088207236.3386,30688064477.31487,37397967362.54787,43344435740.05342,41825563186.962585,47231781039.811035,37050310518.12252,43106158831.19047,42066436293.65034,48630140781.26517,44425579689.35611,55834125284.49524,54320020019.5616,0.013728366801140257,12,10,0.00039690862457025783
0,36512356170.44137,35576308359.83167,34841366376.86085,34185187475.549263,33678801801.714634,33475061558.081287,33222524047.803585,33091112224.19634,33072372168.440845,33145426406.10039,33344959291.977917,33768383037.84298,34246712911.950554,34826980086.10083,35442469491.68047,36323513716.908035,0.00021201495528790453,13,10,0.0001601423883645801
1,36659914526.27576,35746262383.362946,34990047031.872604,34396367611.45874,33790893445.948418,33476692813.947536,33267100224.847584,32903890585.810577,32780368625.867,32897083816.67859,33440358396.983368,33736881497.3108,34225412400.151012,34872495951.2683,35376452843.672646,36478692078.40053,0.00024839672600283967,13,10,0.0001601423883645801
2,36787635389.22519,35806064771.27645,35440754553.68814,34854039167.19482,34229558565.133003,33636642480.581017,33079380111.666904,32908735302.29091,32597550615.01127,32721201732.071568,33222645467.520824,33438690581.300377,34247198684.378433,35008724173.060905,36116500844.61624,36486445470.339714,0.00031148302191708434,13,10,0.0001601423883645801
3,34585027975.30899,33792060310.40097,33228001720.96389,33077063617.955856,33198179510.06411,33428731425.52233,33416506966.53474,33565708178.896282,33565975713.09784,33745958229.193855,34360809585.478455,35239261786.2442,35496595449.7495,35894979756.32151,36520699072.27043,37307940314.77463,0.0002655739885635665,13,10,0.0001601423883645801
4,41124433387.31282,38927775213.51141,37022038294.62938,35989680035.24383,35325994157.558365,34927944676.74893,34100821939.667587,32816641425.499615,32882121047.174824,32354518366.773155,32634011151.44029,32510520411.565495,32444183812.686058,32619773687.167763,33217547662.77756,34286769178.74276,0.0009679678748411123,13,10,0.0001601423883645801
5,34365481422.697235,35024672112.00748,34508210187.6603,33143961442.846146,33655815023.056206,33247988008.08209,33731585447.56025,33906829537.293015,32823874555.570557,32950528913.76063,33697614346.769825,34370210464.18645,33431125388.377666,35299909421.644066,34373230816.83843,34067973290.13106,8.36338603214645e-05,13,10,0.0001601423883645801
6,38657883577.203735,37453120821.70006,36981743476.73903,34781944155.60799,34530594983.88761,33874005654.96085,34725792762.38069,33838944155.193306,34052019186.817947,33331070944.18006,33381555241.834827,32567957734.25408,33693762435.71678,34895753406.33819,39029488712.929665,40440706615.326065,0.0007979210461912433,13,10,0.0001601423883645801
7,37849218834.91979,35191684970.90022,36009350199.06285,33470959554.43158,33628470230.06135,31450579055.987766,31789237866.825073,34164135603.85823,32399236120.58175,33654672865.42593,33232952198.294262,32642167881.355553,33170141533.85627,32035453867.64851,34406820519.89097,35086100871.13427,0.00045011142750050646,13,10,0.0001601423883645801
8,24018987881.37864,27969754213.043022,23781237953.19477,26403474934.41844,28605631948.59118,25649141340.352654,22690755184.356667,22701625011.94046,23500793593.51578,24072347344.836617,29561575165.099266,29821896930.428707,32822471942.33773,34868087459.79475,33380507822.76873,35184449084.692444,0.00454732033615481,13,10,0.0001601423883645801
9,32178274794.705284,39160300421.3226,37257317752.1829,36234658808.47103,41777044669.42092,50191403515.001854,43910638821.03474,42009009276.701965,40572451290.87389,38756233974.77602,38982825203.0156,41086730905.17653,35230140166.38159,28254691174.779087,35182906529.34206,37545874723.418495,0.0032486604350337356,13,10,0.0001601423883645801
0,36062767098.11831,35214321984.110085,34613872069.50896,33976948472.871506,33612182513.31109,33360717660.192245,33074540190.1699,32989767779.855907,33013580497.551086,33199867720.23598,33556227994.401207,33931886753.490845,34490705405.273384,35043232661.22086,35575426919.90918,36415856173.77538,0.0001996548478812017,14,10,0.0005088725762252899
1,35902254375.58729,35163496130.11455,34822340033.214775,34253187049.344383,34111513879.918854,33744177849.117146,33496536233.04411,33169451895.82299,33059497349.955536,33111510986.95133,33156696609.98214,33470146775.28869,34012055155.388546,34961306189.890045,35344446477.0471,36176486718.27695,0.0001681903269917173,14,10,0.0005088725762252899
2,37224149950.15703,36085508175.20387,34627369835.019196,34281036155.70111,33265239884.269238,32951977298.125076,32808477161.876537,32373849414.822685,32627886763.002632,33306945239.1417,33750960789.067333,34399538854.358765,34722985843.11568,34855656331.469666,35086886502.571144,36169303192.5549,0.00030888570117041113,14,10,0.0005088725762252899
3,36614374727.03908,34920371304.96539,33940630657.68473,33553379362.926643,33257872841.475555,33207431157.93137,33110184653.750435,33290059104.663742,33108075659.564396,32986804778.31545,33017426204.999153,33899395015.619865,34486205260.709984,34490233454.316376,35380222870.645485,36959953297.15951,0.0002493365685414382,14,10,0.0005088725762252899
4,36335584069.82581,35281523047.92504,34335137778.47762,33321133827.653446,33295157056.825687,32943096875.523182,32734802404.755905,32478562272.387154,33081430386.625996,33693919900.97314,34106003119.78554,34628622332.604065,34591747800.60041,35922697376.43461,35612084888.63519,36705823619.987465,0.0002840878240090005,14,10,0.0005088725762252899
5,35673125437.671875,35126847970.28793,34344847907.42554,34952819288.26185,34069917972.35795,33537710629.78983,32072867511.461143,32121200932.904423,32992772276.480762,34011255332.316578,35577888893.54626,34526321897.76867,34151047162.46172,34623744921.1021,34567309404.67481,35134932451.83822,0.00019371736144857787,14,10,0.0005088725762252899
6,40195138253.80778,38839505590.684494,37922662993.442566,36097497375.6324,37309942259.13617,36637780711.75389,36762158034.77743,34167709800.207054,33517422162.697468,33427781908.31567,32184424568.32834,30610632735.004456,30690353186.95091,30489530765.70786,31577910832.80644,30791654524.581978,0.001665399695884094,14,10,0.0005088725762252899
7,34760577877.29135,35878157747.777565,34456416187.05487,31575686077.633762,28527386880.480698,29419499481.950233,29837209140.94771,30706481592.999752,32854148547.0012,35116980979.11851,36905241402.37129,38627209744.28571,37297051737.2526,35447515430.01614,35990457694.20843,37435368609.29191,0.0017116423227958248,14,10,0.0005088725762252899
8,27652882091.378746,25733506259.277122,25763648687.1926,23663127995.723274,23955763002.77085,24948001144.430626,24009817612.800007,23613193593.88313,26440566506.197906,23147189080.468178,30037558938.75451,30884350841.861214,32624998579.702293,30448868265.954063,34904041399.21857,40037137689.87102,0.004917104731438982,14,10,0.0005088725762252899
9,46617335651.56821,44284964141.71232,53234976020.14458,53561639515.33061,49980999272.10745,42579946006.04547,32577799319.477375,34213076549.924526,35412132915.67624,30642797155.566765,28250743174.89624,29793422559.76227,43854437449.01607,40078174939.87154,46921104472.03365,53411620627.640076,0.009146729502445687,14,10,0.0005088725762252899
0,36288867842.140465,35563784757.85642,34732582866.706894,34149079642.20571,33728072527.460114,33417961337.56129,33167367212.454487,33066165349.29329,33032709607.940193,33212862228.7205,33339854071.835068,33708937736.38605,34238627981.265297,34816852867.190765,35536697675.77598,36406665183.987656,0.00020956778001192996,15,10,0.00011447543958438527
1,36822448481.37356,35578069935.46339,34822106407.980934,34370675889.267166,33993167508.37869,33592121428.81986,33192263128.688663,32972139936.813644,33186605784.427567,33119454834.122723,33245472194.02695,33624892781.212345,33980629566.589886,34439707799.95669,35191334142.860954,36327540418.57313,0.00021983429173858763,15,10,0.00011447543958438527
2,36797803092.19026,35724500176.738846,34743300433.37545,33851268734.473774,33393756512.289986,33739707444.53548,33414617603.219715,33316904800.326355,33313159031.44566,33278491931.690716,33559613411.28066,33407734886.44404,34041715630.57306,34420562856.941086,35408093857.19785,36320345965.53331,0.00021048316155671652,15,10,0.00011447543958438527
3,38229915298.238976,37544583040.94658,35817264689.912056,35558718493.42806,34440249247.29802,33961815007.662624,33289950643.02263,33011196260.267544,33131041111.76228,32758904891.803642,33088823063.708317,33587937639.73691,33398303813.610058,33881355792.361813,34012935057.92758,34861312053.45491,0.00039919093771458253,15,10,0.00011447543958438527
4,37819956437.54801,36486470482.40446,35223982403.52853,34252288707.848595,33392149111.295406,32645845120.383495,32869933467.60105,32364114811.116734,32835483947.326218,34319430335.410744,34349623906.034725,34776526061.26248,34343408081.639336,34738513361.52175,35195633672.21172,36866707148.79393,0.00037756455353760794,15,10,0.00011447543958438527
5,37170304724.16275,35882508566.39335,34823218802.07434,35073296412.34171,33476980506.80421,32760505598.323574,32292306583.314266,32693926935.988976,33018815012.49132,33597722485.87194,32917893385.66901,32734704660.136536,32080714968.70786,32661449344.45689,33693826603.896076,34572077197.028305,0.0003228408626900091,15,10,0.00011447543958438527
6,29288525168.25839,31292951636.528553,33122235480.837395,31021225580.682163,31697000037.089504,33194417700.74192,34399271221.9679,34919101164.65699,35374528214.86983,35928488720.49389,35577115262.71921,35583021014.584465,35407048240.71259,35344932835.42153,35076732736.57483,35067597661.946686,0.0007292826585557935,15,10,0.00011447543958438527
7,29956638786.29669,28722128712.3028,28375276736.255558,29312542446.743114,28424537178.091522,29637054058.327457,31140361948.024868,32945113827.58729,32728826069.206215,34148843107.00294,32571891774.77226,34865438116.2633,41585301899.17332,47840745909.32627,48275827900.35295,46012219373.78147,0.006714266211144796,15,10,0.00011447543958438527
8,29961934579.414505,30177207185.607826,27142837540.69781,29026115558.774887,27877344289.019505,29116002171.604164,27867409232.302776,29941183984.3524,28193141296.814926,26974894690.017162,26885733524.087173,30537184531.653824,25483243572.300453,23134757806.819588,25081521713.977146,21485195731.192875,0.0018446058894075598,15,10,0.00011447543958438527
9,40146874929.60901,41168552919.93037,49228123264.19768,53794695458.58569,46610826846.93356,46266662579.54227,36061878946.10543,35454707262.072,35413575038.82296,43586716799.364334,37471350302.568275,38099448847.882324,30886640380.937912,31898206452.26995,30481806361.27556,36003476572.05302,0.005323596949249164,15,10,0.00011447543958438527
0,36303096185.330246,35462671436.06792,34800226044.00661,34240661237.561676,33856174618.95097,33491467279.473217,33172323713.866592,33116558006.83797,33057966557.308475,33072419462.359093,33238769007.522007,33594016921.167477,34095670395.11319,34809757890.03686,35486311208.111755,36324680938.872154,0.0002061267308629924,16,10,0.0010218686004961222
1,36539656413.40289,35599997493.32411,34881476672.157646,34252381952.75973,33886573501.068253,33411938414.318527,33239086458.11261,32784826289.632034,32941333742.069355,33280864376.290855,33535147650.9037,33911651670.12923,34357064293.758728,34881806983.46646,35484777742.8911,36597497745.61178,0.00023067266348557534,16,10,0.0010218686004961222
2,36895110287.34854,35663762557.39176,34830466617.76373,34107021628.933273,33522641730.498833,33398681218.98384,32953793098.221733,32909198166.83678,33405616753.28356,33426998641.409424,33472245756.331432,33753284169.92053,33978126240.604424,34355940812.31137,35050250406.32598,36351639539.25978,0.00022323636918655207,16,10,0.0010218686004961222
3,36807113736.93158,35548857988.57015,35797208008.65094,35022631101.44006,34324820006.96005,33863636958.827282,33584240565.17045,33093649074.364845,33045583925.661415,32931139322.848568,33573074461.625435,33114751482.815403,33219540099.02867,33919429516.619637,34564800233.61792,35599961667.68721,0.0002222761527910954,16,10,0.0010218686004961222
4,34660791804.05942,34901922761.639465,34248004349.271202,34480482485.92971,34658887649.45575,34802141328.47356,35071685109.84978,34846650921.075386,33750236861.014652,33578703614.58405,33700116487.858482,32570814867.199444,32684639913.358177,32832479485.886208,33251371615.02387,35422638300.127815,0.00013559778251162318,16,10,0.0010218686004961222
5,34953195739.46492,33742153732.572365,33179042078.541885,33664575833.32632,32098147890.287254,32273794281.125015,32703469553.089012,31635733357.122604,31080215077.127747,31755951666.13099,34007709653.532875,34196020432.883286,36195064803.702446,37921490616.14001,37889913345.61031,40418358997.80242,0.0010587962871673696,16,10,0.0010218686004961222
6,33805506522.86464,34395360290.49936,34633966721.582466,33217491950.55121,33737938215.94308,33133763558.871784,31947545265.783855,32203072394.03692,33699332281.271484,33560383570.5168,33265600769.434673,34156669006.425694,34587983251.66086,34901515357.562874,36643042570.65235,39851508969.70114,0.0005112115109066099,16,10,0.0010218686004961222
7,41039478406.436195,39005032729.90088,33978200728.825947,36770059416.217354,36113418518.38519,33403409236.903942,35349529593.45473,35142187266.2463,35616796828.22818,32612188748.366703,31668146490.88706,31728881248.65175,31303877274.01881,29740012035.242046,30646616919.79497,28008845757.642063,0.0019200664304901776,16,10,0.0010218686004961222
8,36858587943.44476,38258414073.60487,50625473809.47412,37244045578.87315,32357634575.9005,26582027122.76882,23616609171.47317,24919997008.40812,30318535561.4796,29215926005.939228,33880335626.19837,30504682052.901573,29982505292.22295,29296142196.660072,28863743512.8928,34492891919.115585,0.006524919271243651,16,10,0.0010218686004961222
9,52950749662.50392,46993649696.079285,34402872856.87939,32262268369.39982,37439096373.60623,30521370957.890907,23296460841.466923,26796659070.077217,28601862453.8403,26595291832.876297,28054319503.92945,36566877922.542175,48480638553.530914,58568863052.39311,75963507629.16788,74099094261.46368,0.02604259395057092,16,10,0.0010218686004961222
0,36317362145.65338,35480823711.974045,34788913212.2371,34211079184.648186,33757972099.506634,33529345813.265007,33265719796.13223,33097550219.705082,33157562982.696995,33186852851.07922,33424814213.39238,33764207963.14622,34255388910.720634,34892170737.90386,35600005120.93042,36450252967.2561,0.0002027804510145212,17,10,0.0004961688402061081
1,36502868728.33996,35849479224.30434,34991388238.63031,34303824257.26052,33812039536.52355,33659702999.147614,33309618030.783722,33077334995.783234,33131821965.116486,33291256583.671803,33437650085.012466,33915951430.042862,34236555824.129944,34506695778.32997,35146232222.199135,36055443953.08873,0.0001880011895925831,17,10,0.0004961688402061081
2,35965422147.38629,35460501683.7991,34691316003.4032,33703744862.968822,33686873759.298183,33489264330.070694,33065530536.496334,32933815944.40357,33126740327.99577,33339883940.767815,33725630263.465538,34046286397.6473,34202966105.826775,35078932332.18976,35633804119.49024,36388679994.59883,0.00019476357141545595,17,10,0.0004961688402061081
3,35558205312.78474,35516453045.66046,35058405549.65023,34718129214.47638,34341763550.305767,33278238558.831783,32799853063.950138,33083010703.9003,33199320855.97624,32984665605.500896,32402981457.77671,33796105166.828037,33395777508.997047,34013896448.603428,34932193699.481,35681424778.436005,0.0001898117492737007,17,10,0.0004961688402061081
4,37505045720.448204,37200263573.685555,36956055344.48057,36770627724.23264,36829713179.25277,34941959144.9084,33768019119.758507,33112346048.432564,32585254422.643303,32039060546.00566,31891011714.194664,32363963823.232132,32358215977.288773,33217828368.180077,34373156622.588806,34151964517.235947,0.000657142860653033,17,10,0.0004961688402061081
5,37441042464.4496,36256780731.77572,35236720259.13522,34263432336.613575,34470036023.80746,33395316282.48705,32843257214.06485,31290988807.05259,31788096754.874466,31633033127.70216,32357112488.65851,32418975940.796997,33017325912.61472,33174525678.123714,33877663535.983543,34623634871.49746,0.00046875377903481406,17,10,0.0004961688402061081
6,37446273078.954285,35653703543.47785,35220397888.11914,35083107358.69684,34546192646.89688,33742485950.78373,33463864064.725758,32466529445.536243,32000604764.85707,31141264497.698456,31996913300.09687,33958429902.34568,35015001214.21031,36861175156.16286,39569095131.73029,39236820130.334366,0.0009401151594236497,17,10,0.0004961688402061081
7,36391985068.93071,36275814548.51452,37662660963.55885,38904612563.0687,38067687916.56141,36159486862.59362,36832788135.26481,37395483456.00324,35379567493.93767,32207574922.181507,31600347614.82527,31569242075.840702,31010909140.1162,29057872007.4661,28154166668.221546,25550310762.74664,0.002936038649361968,17,10,0.0004961688402061081
8,36590532631.35239,34647024660.13172,32824258071.045322,31303968787.876556,27769624069.219593,25983951270.522964,26157308389.543903,26801528264.076775,30106721688.598217,26015948792.471653,23818837673.77984,23008968781.661385,23734845326.656456,23548510544.39775,23892860056.77387,25145815192.432503,0.0040977826946059755,17,10,0.0004961688402061081
9,38543510374.64836,41536966837.87068,43796524159.98192,40409060763.65407,37966883398.42241,40247911029.40433,32776065399.72233,31415078519.358246,36709528655.11563,30552844619.22813,30873426456.255604,37838114620.95558,35011028445.37793,50488106436.07167,53946820569.77548,55419475161.807556,0.006575905699830494,17,10,0.0004961688402061081
0,36325881121.63317,35367010554.912315,34648551963.32412,34066168670.776745,33625238005.869896,33356504811.50604,33093047873.518967,33038285657.943207,32994524411.310017,33188600381.805786,33605692838.156754,33965979121.02609,34409051381.29568,34995088368.44677,35625752424.1542,36459989119.26972,0.00021275941587854964,18,10,0.00029841848308552487
1,35977546886.70721,35180283829.88051,34377180490.61544,33854981901.022858,33395406484.85893,33174750273.36571,33081617735.486782,33220471262.244984,33173039149.927933,33566123655.53574,33735808211.342957,33935601104.053497,34511526990.58343,35330212456.72524,35924326881.33326,36939674085.74898,0.00022351583669526925,18,10,0.00029841848308552487
2,36693052642.051216,35638322469.10686,34706185668.29707,34169007891.532944,33900781342.646122,33868281948.70363,33408744352.35948,32857347971.328846,33178618131.22459,33403657483.21203,33408525356.694717,33303404303.85579,33690512693.502213,34075901456.89605,34723367278.41216,36187726334.24202,0.00019583420922358446,18,10,0.00029841848308552487
3,36439413773.316376,35448707163.669754,35126121734.251625,34051291516.29715,33329474882.63304,33120382824.24918,32963851585.62606,33496087038.1066,33770568962.82279,33411723705.168648,32599786565.396202,32707238204.530205,33464896817.459934,34732886197.33441,35813926182.75873,36524453460.3463,0.00027233729127001586,18,10,0.00029841848308552487
4,36474009921.08952,36129300362.35866,35732208588.173874,34434444407.09153,33184936484.711372,33371978100.835693,33308886257.536514,33008734577.427372,32480234617.472633,32651574643.150295,33374205477.322437,33608879454.221462,33987230114.797905,34088191363.31721,34907664560.67653,35520622920.43248,0.00025289391716959664,18,10,0.00029841848308552487
5,32855898072.38628,32892623244.24461,33948183820.724167,32205413504.79094,31608554864.93067,30816904909.010868,31541533775.157906,31979371873.78694,32917644831.61035,33486431528.247402,34697348227.69646,36124105337.23709,37867156017.0958,37538034400.569855,37915324677.85602,37136578536.589485,0.0009557632801514415,18,10,0.00029841848308552487
6,36532596623.73545,37112478269.17629,37517667019.952835,33145161218.833614,32763752264.08651,32541399295.444298,30870885319.933704,33623117483.59366,33674795829.20976,33277349120.981956,35876274196.46158,33522146774.169064,33535565472.24842,33439043058.12392,32620425464.339836,34213867902.464115,0.00052515625784828,18,10,0.00029841848308552487
7,30863353661.997032,33107805212.36687,31518191722.56868,33825431891.244015,32610920307.157787,35466826224.484764,34918875704.05911,33755445690.4299,34144837554.362267,33513412732.03253,34533158874.01172,36889889208.40015,36703708644.63218,35680006242.14091,31814451377.148537,32865756155.8825,0.0005113948722848083,18,10,0.00029841848308552487
8,30896909116.59174,29004472460.812157,29499422841.794018,25991420804.54636,24312991346.642124,24935716131.66952,22868405787.770454,23692625072.053097,24320441222.242794,27138477945.48016,26772688308.413948,26786220600.48341,30808996972.63092,34078388206.187653,36257901863.077705,35069453043.76982,0.0039164434355494345,18,10,0.00029841848308552487
9,44563442143.350136,47139028731.60157,49721844920.60729,36734979360.43356,38793388314.8928,40024880627.35382,40765172471.39087,41921232549.9418,35719035541.399506,32283015952.78253,37766810629.08586,33444393716.053726,37323393894.68236,39012666168.441795,39482624416.44436,41522177281.13805,0.00245781440810481,18,10,0.00029841848308552487
0,36107242038.887276,35274264443.96042,34574619175.44183,34139310695.448753,33698416640.919594,33335182253.157787,33022384501.150814,32972602379.390747,33123464927.323616,33317439432.30672,33565170185.00001,33992454855.460358,34396224966.64427,34941369324.30638,35563058948.966286,36422010119.98279,0.00019473866004363056,19,10,0.00037918825996766564
1,35888071619.38596,35277862467.31654,34632711395.4977,34163446279.506027,33599400334.639763,33343274883.03673,33258211897.719788,33151660038.683205,33274722963.145348,33502538951.808903,33669904448.9702,33949554020.644302,33965263601.067955,34556917221.32989,35232400246.86182,36063282497.95354,0.00014432273273602795,19,10,0.00037918825996766564
2,36235022215.03364,35775425389.51589,34654289796.646904,34333536307.623756,33676317551.66095,33296285882.337543,33320116423.687317,33486127011.539413,33753268023.66346,33712230342.24224,33340409316.830185,33428363624.53601,34114167082.436718,34597610923.475075,35185887306.41764,36087943064.105675,0.00016206506078212564,19,10,0.00037918825996766564
3,37694414803.03323,36692449873.603355,35416874055.44696,35226996860.34607,34388401276.55891,34199811187.727325,33775501042.014595,33392267206.148506,33204573969.5515,33135001153.07923,33185774081.05493,33225636905.023502,32658602111.914215,33166706447.586918,33796452687.89859,34354894586.42766,0.0003031880670684724,19,10,0.00037918825996766564
4,36082665800.75882,35035126905.832596,34554431693.52714,34030261256.198574,33842433757.344532,34283653451.37106,33284629815.05719,32453544205.81613,32705892075.37402,33159756852.98494,32602862156.004253,33698290017.580475,34781311499.6709,35600051726.87359,37230142901.22244,38041679939.72589,0.000407106595370664,19,10,0.00037918825996766564
5,38286836319.36075,36933141877.664566,34708567450.93736,34232222562.403194,33693022957.389614,32394760873.129215,31792038247.935753,30221156381.92715,31095975902.463184,31531950075.584988,33029341967.463387,33815756375.447693,34038378910.640728,35097266924.06317,36968244312.11754,36752981344.52109,0.000890329100288918,19,10,0.00037918825996766564
6,43546069812.28581,38985112286.11875,35254522585.53778,35180340308.43587,35825861041.25949,34951564755.97878,33658955059.47144,32318524255.532833,32844686201.037746,34138724242.381237,34410016052.70761,34214393500.647736,34071011064.97551,31976761211.547314,32842992848.23467,35639831262.27322,0.0010868475999293874,19,10,0.00037918825996766564
7,32269355971.139904,33493314213.94226,31656439957.61511,32793400371.019623,32936897432.51608,31359579827.883266,31669480539.02554,31373140258.998283,33170155209.34416,32462648058.078175,33327127048.41485,33682676740.37607,34741813092.05402,38560376592.75449,36918965348.390274,40731620840.600784,0.0010856535887596482,19,10,0.00037918825996766564
8,36895363319.169846,34001373241.07964,33484952197.22551,32226925866.276302,29267331633.156067,29236011506.83136,27725575716.830868,28946972504.650887,26060580002.72919,21633537383.802265,24853831540.744907,22748158134.378677,23403667586.037846,22751870930.841564,25768012274.850677,29191865178.698963,0.0047959718198490875,19,10,0.00037918825996766564
9,46077859804.20067,50712571557.668434,44853623208.61943,39609805462.63326,37100591840.73092,33313800563.540306,33930888628.879738,48211665285.78792,45197725842.99788,48731886660.89458,38249501547.603226,35701606519.54081,33024314216.778427,32848324632.758034,29347418292.628162,30613449775.236717,0.006073071820320619,19,10,0.00037918825996766564
